[{"model": "categories.category", "pk": 1, "fields": {"title": "Comedy", "slug": "comedy", "active": true, "timestamp": "2024-05-12T11:04:38.179Z", "updated": "2024-05-12T11:04:38.179Z"}}, {"model": "categories.category", "pk": 2, "fields": {"title": "Action", "slug": "action", "active": true, "timestamp": "2024-05-12T12:12:47.265Z", "updated": "2024-05-12T12:13:37.718Z"}}, {"model": "categories.category", "pk": 3, "fields": {"title": "Action", "slug": "actionovjt5", "active": true, "timestamp": "2024-05-12T12:13:42.507Z", "updated": "2024-05-12T12:13:45.376Z"}}, {"model": "playlists.playlist", "pk": 1, "fields": {"parent": null, "category": 1, "order": 1, "title": "Movie 1", "type": "MOV", "description": "", "slug": "movie-1", "video": 1, "active": true, "timestamp": "2024-05-11T09:50:33.285Z", "updated": "2024-05-12T11:06:53.609Z", "state": "PU", "publish_timestamp": "2024-05-11T09:50:33.285Z"}}, {"model": "playlists.playlist", "pk": 2, "fields": {"parent": null, "category": 2, "order": 1, "title": "Movie 4", "type": "MOV", "description": "", "slug": "movie-4", "video": 4, "active": true, "timestamp": "2024-05-11T10:03:30.849Z", "updated": "2024-05-12T12:17:47.763Z", "state": "PU", "publish_timestamp": "2024-05-11T10:04:28.781Z"}}, {"model": "playlists.playlist", "pk": 3, "fields": {"parent": null, "category": null, "order": 1, "title": "Movie 5", "type": "MOV", "description": "", "slug": "movie-5", "video": 5, "active": true, "timestamp": "2024-05-11T14:01:13.996Z", "updated": "2024-05-11T14:01:13.996Z", "state": "PU", "publish_timestamp": "2024-05-11T14:01:13.995Z"}}, {"model": "playlists.playlist", "pk": 4, "fields": {"parent": null, "category": null, "order": 1, "title": "The office", "type": "SEA", "description": "", "slug": "the-office", "video": null, "active": true, "timestamp": "2024-05-11T16:35:25.316Z", "updated": "2024-05-11T16:35:25.316Z", "state": "PU", "publish_timestamp": "2024-05-11T16:35:25.316Z"}}, {"model": "playlists.playlist", "pk": 6, "fields": {"parent": null, "category": null, "order": 1, "title": "The Office", "type": "SEA", "description": "", "slug": "the-office", "video": null, "active": true, "timestamp": "2024-05-11T16:39:26.743Z", "updated": "2024-05-11T16:39:26.743Z", "state": "PU", "publish_timestamp": "2024-05-11T16:39:26.743Z"}}, {"model": "playlists.playlist", "pk": 8, "fields": {"parent": null, "category": null, "order": 1, "title": "Season 1", "type": "SEA", "description": null, "slug": "season-1", "video": null, "active": true, "timestamp": "2024-05-11T16:39:55.285Z", "updated": "2024-05-11T16:39:55.285Z", "state": "PU", "publish_timestamp": "2024-05-11T16:39:55.283Z"}}, {"model": "playlists.playlist", "pk": 9, "fields": {"parent": null, "category": null, "order": 1, "title": "Parent Season", "type": "SEA", "description": "", "slug": "parent-season", "video": null, "active": true, "timestamp": "2024-05-11T16:44:37.120Z", "updated": "2024-05-11T16:44:37.120Z", "state": "PU", "publish_timestamp": "2024-05-11T16:44:16Z"}}, {"model": "playlists.playlist", "pk": 10, "fields": {"parent": null, "category": 1, "order": 1, "title": "The Office(Orignal)", "type": "TVS", "description": "", "slug": "the-office", "video": 3, "active": true, "timestamp": "2024-05-11T16:46:16.006Z", "updated": "2024-05-12T13:09:11.625Z", "state": "PU", "publish_timestamp": "2024-05-11T16:46:16.006Z"}}, {"model": "playlists.playlist", "pk": 11, "fields": {"parent": 10, "category": null, "order": 1, "title": "Season 1", "type": "SEA", "description": "", "slug": "season-1", "video": null, "active": true, "timestamp": "2024-05-11T16:48:05.315Z", "updated": "2024-05-11T16:48:05.315Z", "state": "PU", "publish_timestamp": "2024-05-11T16:48:05.315Z"}}, {"model": "playlists.playlist", "pk": 12, "fields": {"parent": 10, "category": null, "order": 2, "title": "Season2", "type": "SEA", "description": "", "slug": "season-2", "video": 5, "active": true, "timestamp": "2024-05-11T16:52:19.198Z", "updated": "2024-05-11T16:56:13.022Z", "state": "PU", "publish_timestamp": "2024-05-11T16:52:19Z"}}, {"model": "playlists.playlist", "pk": 13, "fields": {"parent": 10, "category": null, "order": 1, "title": "Playlist 1", "type": "PLY", "description": "", "slug": "playlist-1", "video": null, "active": true, "timestamp": "2024-05-11T17:01:54.715Z", "updated": "2024-05-11T17:01:54.715Z", "state": "PU", "publish_timestamp": "2024-05-11T17:01:54.715Z"}}, {"model": "playlists.playlist", "pk": 14, "fields": {"parent": null, "category": null, "order": 1, "title": "Playlist 2", "type": "PLY", "description": "", "slug": "playlist-2", "video": null, "active": true, "timestamp": "2024-05-11T18:19:27.832Z", "updated": "2024-05-11T18:19:27.832Z", "state": "DR", "publish_timestamp": null}}, {"model": "playlists.playlist", "pk": 15, "fields": {"parent": 10, "category": null, "order": 2, "title": "Playlist 2", "type": "SEA", "description": null, "slug": "playlist-2", "video": null, "active": true, "timestamp": "2024-05-11T18:21:40.450Z", "updated": "2024-05-11T18:21:40.451Z", "state": "PU", "publish_timestamp": "2024-05-11T18:21:40.449Z"}}, {"model": "playlists.playlist", "pk": 16, "fields": {"parent": 10, "category": 1, "order": 1, "title": "Season 3", "type": "SEA", "description": "", "slug": "season-3", "video": null, "active": true, "timestamp": "2024-05-12T11:07:57.962Z", "updated": "2024-05-12T11:07:57.962Z", "state": "PU", "publish_timestamp": "2024-05-12T11:07:57.962Z"}}, {"model": "playlists.playlistitem", "pk": 1, "fields": {"playlist": 4, "video": 1, "order": 1, "timestamp": "2024-05-11T16:35:25.318Z"}}, {"model": "playlists.playlistitem", "pk": 2, "fields": {"playlist": 4, "video": 2, "order": 1, "timestamp": "2024-05-11T16:35:25.318Z"}}, {"model": "playlists.playlistitem", "pk": 4, "fields": {"playlist": 9, "video": 1, "order": 1, "timestamp": "2024-05-11T16:44:37.121Z"}}, {"model": "playlists.playlistitem", "pk": 5, "fields": {"playlist": 9, "video": 4, "order": 1, "timestamp": "2024-05-11T16:44:37.122Z"}}, {"model": "playlists.playlistitem", "pk": 6, "fields": {"playlist": 11, "video": 1, "order": 1, "timestamp": "2024-05-11T16:48:05.316Z"}}, {"model": "playlists.playlistitem", "pk": 7, "fields": {"playlist": 11, "video": 2, "order": 2, "timestamp": "2024-05-11T16:48:05.316Z"}}, {"model": "playlists.playlistitem", "pk": 8, "fields": {"playlist": 12, "video": 5, "order": 1, "timestamp": "2024-05-11T16:52:19.199Z"}}, {"model": "playlists.playlistitem", "pk": 9, "fields": {"playlist": 12, "video": 4, "order": 2, "timestamp": "2024-05-11T16:52:19.200Z"}}, {"model": "playlists.playlistitem", "pk": 10, "fields": {"playlist": 13, "video": 1, "order": 1, "timestamp": "2024-05-11T17:01:54.717Z"}}, {"model": "playlists.playlistitem", "pk": 11, "fields": {"playlist": 13, "video": 2, "order": 2, "timestamp": "2024-05-11T17:01:54.718Z"}}, {"model": "playlists.playlistitem", "pk": 12, "fields": {"playlist": 14, "video": 2, "order": 1, "timestamp": "2024-05-11T18:19:27.841Z"}}, {"model": "playlists.playlistitem", "pk": 13, "fields": {"playlist": 14, "video": 1, "order": 1, "timestamp": "2024-05-11T18:19:27.841Z"}}, {"model": "playlists.playlistrelated", "pk": 1, "fields": {"playlist": 14, "related": 3, "order": 1, "timestamp": "2024-05-11T18:19:27.840Z"}}, {"model": "playlists.playlistrelated", "pk": 2, "fields": {"playlist": 14, "related": 2, "order": 1, "timestamp": "2024-05-11T18:19:27.840Z"}}, {"model": "videos.video", "pk": 1, "fields": {"title": "Video 1", "description": "", "slug": "Video-1", "video_id": "video1", "active": true, "timestamp": "2024-05-11T09:48:43.909Z", "updated": "2024-05-11T13:57:33.753Z", "state": "PU", "publish_timestamp": "2024-05-11T13:57:32Z"}}, {"model": "videos.video", "pk": 2, "fields": {"title": "Video 2", "description": "", "slug": "Video-2", "video_id": "video2", "active": true, "timestamp": "2024-05-11T09:49:03.959Z", "updated": "2024-05-11T13:57:26.527Z", "state": "PU", "publish_timestamp": "2024-05-11T13:57:24Z"}}, {"model": "videos.video", "pk": 3, "fields": {"title": "Video 3", "description": "", "slug": "Video-3", "video_id": "video3", "active": false, "timestamp": "2024-05-11T09:49:20.513Z", "updated": "2024-05-11T09:49:57.625Z", "state": "DR", "publish_timestamp": null}}, {"model": "videos.video", "pk": 4, "fields": {"title": "Video 4", "description": "", "slug": "video-4", "video_id": "video4", "active": true, "timestamp": "2024-05-11T09:49:37.519Z", "updated": "2024-05-11T09:49:37.519Z", "state": "PU", "publish_timestamp": null}}, {"model": "videos.video", "pk": 5, "fields": {"title": "Video 5", "description": "", "slug": "video-5", "video_id": "Video 5", "active": true, "timestamp": "2024-05-11T14:00:31.741Z", "updated": "2024-05-11T14:00:31.741Z", "state": "PU", "publish_timestamp": "2024-05-11T14:00:31.741Z"}}, {"model": "tags.taggeditem", "pk": 1, "fields": {"tag": "action", "content_type": 12, "object_id": 1}}, {"model": "tags.taggeditem", "pk": 2, "fields": {"tag": "comedy", "content_type": 13, "object_id": 2}}, {"model": "tags.taggeditem", "pk": 3, "fields": {"tag": "action", "content_type": 10, "object_id": 10}}, {"model": "tags.taggeditem", "pk": 4, "fields": {"tag": "comedy", "content_type": 10, "object_id": 10}}]